<?xml version="1.0" encoding="UTF-8"?>
<beans xmlns="http://www.springframework.org/schema/beans"
       xmlns:xsi="http://www.w3.org/2001/XMLSchema-instance"
       xmlns:p="http://www.springframework.org/schema/p"
       xmlns:c="http://www.springframework.org/schema/c"
       xmlns:context="http://www.springframework.org/schema/context"
       xmlns:aop="http://www.springframework.org/schema/aop"
       xsi:schemaLocation="http://www.springframework.org/schema/beans
                            http://www.springframework.org/schema/beans/spring-beans.xsd
                            http://www.springframework.org/schema/context
                            http://www.springframework.org/schema/context/spring-context.xsd
                            http://www.springframework.org/schema/aop
                            http://www.springframework.org/schema/aop/spring-aop.xsd">

    <!-- 开启注解扫描 -->
    <context:component-scan base-package="org.lanqiao"/>
    <!-- 开启 @Aspect -->
    <aop:aspectj-autoproxy/>

    <!-- 员工信息 -->
    <bean id="emp1" class="org.lanqiao.pojo.Employees"
          c:employeeId="000001" c:employeeName="张三" c:employeeSex="男"
          c:employeeBirthday="1993-11-06" c:employeeHiredate="2018-10-11" c:userId="1"/>

    <bean id="emp2" class="org.lanqiao.pojo.Employees"
          c:employeeId="000021" c:employeeName="李四" c:employeeSex="哈哈"
          c:employeeBirthday="1990-07-16" c:employeeHiredate="2019-10-21" c:userId="4"/>

    <bean id="emp3" class="org.lanqiao.pojo.Employees"
          c:employeeId="000022" c:employeeName="王五" c:employeeSex="女"
          c:employeeBirthday="1993-02-11" c:employeeHiredate="2019-12-27" c:userId="12"/>

    <bean id="emp4" class="org.lanqiao.pojo.Employees"
          c:employeeId="000035" c:employeeName="赵六" c:employeeSex="男"
          c:employeeBirthday="1991-06-23" c:employeeHiredate="2020-05-06" c:userId="19"/>

    <bean id="emp5" class="org.lanqiao.pojo.Employees"
          c:employeeId="000066" c:employeeName="周七" c:employeeSex="sss"
          c:employeeBirthday="1997-12-21" c:employeeHiredate="2021-01-03" c:userId="20"/>


</beans>

        <!--
        <?xml version="1.0" encoding="UTF-8"?>
        <beans xmlns="http://www.springframework.org/schema/beans"
               xmlns:xsi="http://www.w3.org/2001/XMLSchema-instance"
               xmlns:aop="http://www.springframework.org/schema/aop"
               xsi:schemaLocation="http://www.springframework.org/schema/beans
                                    http://www.springframework.org/schema/beans/spring-beans.xsd http://www.springframework.org/schema/aop https://www.springframework.org/schema/aop/spring-aop.xsd">

            &lt;!&ndash; AOP声明 &ndash;&gt;

            &lt;!&ndash; 声明通知类 &ndash;&gt;
            <bean id="messageBeforeAdvice" class="org.lanqiao.advice.MessageBeforeAdvice" />
            <bean id="messageAroundAdvice" class="org.lanqiao.advice.MessageAroundAdvice"></bean>

            &lt;!&ndash; 声明目标对象(实现类) &ndash;&gt;
            <bean id="messageServiceImpl" class="org.lanqiao.service.MessageServiceImpl"></bean>


            &lt;!&ndash; 配置自动代理工厂使用 <aop:config> 标签 &ndash;&gt;
            <aop:config>
                &lt;!&ndash; 配置切入点 &ndash;&gt;
                <aop:pointcut
                        expression="execution(* org.lanqiao.service.MessageServiceImpl.getInfo*(..))
                        || execution(* org.lanqiao.service.MessageServiceImpl..add*(..))"
                        id="aroundPointCut"/>

                &lt;!&ndash; 配置切面 &ndash;&gt;
                <aop:aspect ref="messageAroundAdvice">
                    <aop:around method="around" pointcut-ref="aroundPointCut" />
                </aop:aspect>

            </aop:config>






            &lt;!&ndash; 代理工厂 &ndash;&gt;
            &lt;!&ndash;<bean id="proxy" class="org.springframework.aop.framework.ProxyFactoryBean">
                &lt;!&ndash; 设置通知类、配置器类 &ndash;&gt;
                <property name="interceptorNames">
                    <list>
                        <value>nameadvisor</value>
                    </list>
                </property>
                &lt;!&ndash; 提供接口 &ndash;&gt;
                <property name="proxyInterfaces">
                    <list>
                        <value>org.lanqiao.service.IMessageService</value>
                    </list>
                </property>
                &lt;!&ndash; 设置目标对象 &ndash;&gt;
                <property name="target" ref="messageServiceImpl"></property>
            </bean>

            <bean id="nameadvisor" class="org.springframework.aop.support.NameMatchMethodPointcutAdvisor">
                &lt;!&ndash; 添加通知类 &ndash;&gt;
                <property name="advice" ref="messageBeforeAdvice"></property>
                &lt;!&ndash; 确定切入点 &ndash;&gt;
                <property name="mappedNames">
                    <list>
                        <value>get*</value>
                        <value>add*</value>
                    </list>
                </property>
            </bean>&ndash;&gt;

        </beans>-->