<?xml version="1.0" encoding="UTF-8"?>
<beans xmlns="http://www.springframework.org/schema/beans"
       xmlns:xsi="http://www.w3.org/2001/XMLSchema-instance"
       xmlns:p="http://www.springframework.org/schema/p"
       xmlns:c="http://www.springframework.org/schema/c"
       xmlns:context="http://www.springframework.org/schema/context"
       xmlns:aop="http://www.springframework.org/schema/aop"
       xsi:schemaLocation="http://www.springframework.org/schema/beans
							http://www.springframework.org/schema/beans/spring-beans.xsd
							http://www.springframework.org/schema/context
							http://www.springframework.org/schema/context/spring-context.xsd
							http://www.springframework.org/schema/aop
							http://www.springframework.org/schema/aop/spring-aop.xsd">

    <!--    管理DruidDataSource对象-->
    <!--    <bean class="com.alibaba.druid.pool.DruidDataSource">
            <property name="driverClassName" value="com.mysql.jdbc.Driver"/>
            <property name="url" value="jdbc:mysql://localhost:3306/spring_db"/>
            <property name="username" value="root"/>
            <property name="password" value="root"/>
        </bean>

        <bean id="dataSource" class="com.mchange.v2.c3p0.ComboPooledDataSource">
            <property name="driverClass" value="com.mysql.jdbc.Driver"/>
            <property name="jdbcUrl" value="jdbc:mysql://localhost:3306/spring_db"/>
            <property name="user" value="root"/>
            <property name="password" value="root"/>
            <property name="maxPoolSize" value="1000"/>
        </bean>-->

    <!--    1.开启context命名空间-->
    <!--    2.使用context空间加载properties文件-->
    <!--    <context:property-placeholder location="jdbc.properties" system-properties-mode="NEVER"/>-->
    <!--    <context:property-placeholder location="jdbc.properties,jdbc2.properties" system-properties-mode="NEVER"/>-->
    <!--    classpath:*.properties  ：   设置加载当前工程类路径中的所有properties文件-->
    <!--    system-properties-mode属性：是否加载系统属性-->
    <!--    <context:property-placeholder location="*.properties" system-properties-mode="NEVER"/>-->

    <!--classpath*:*.properties  ：  设置加载当前工程类路径和当前工程所依赖的所有jar包中的所有properties文件-->
    <!--    <context:property-placeholder location="classpath*:*.properties" system-properties-mode="NEVER"/>-->

    <!--    3.使用属性占位符${}读取properties文件中的属性-->
    <!--    说明：idea自动识别${}加载的属性值，需要手工点击才可以查阅原始书写格式-->
    <!--    <bean id="dataSource" class="com.alibaba.druid.pool.DruidDataSource">-->
    <!--        <property name="driverClassName" value="${mysql.driver}"/>-->
    <!--        <property name="url" value="${mysql.url}"/>-->
    <!--        <property name="username" value="${mysql.username}"/>-->
    <!--        <property name="password" value="${mysql.password}"/>-->
    <!--    </bean>-->


    <!--    <bean id="MessageCN" class="com.lanqiao.dao.impl.MessageCN">-->
    <!--        <property name="msg" value="CoCo"/>-->
    <!--    </bean>-->
    <!--    <bean id="MessageEN" class="com.lanqiao.dao.impl.MessageEN">-->
    <!--        <property name="msg" value="CoCo"/>-->
    <!--    </bean>-->


    <!--    <bean id="zhangsan" class="com.lanqiao.bean.ZhangSanSpeak">-->
    <!--        <property name="name" value="张三"/>-->
    <!--        <property name="content" value="世界上有10种人，认识二进制和不认识二进制的"/>-->
    <!--    </bean>-->
    <!--    <bean id="xiaolang" class="com.lanqiao.bean.XiaoLanSpeak">-->
    <!--        <constructor-arg name="name" value="小蓝"/>-->
    <!--        <constructor-arg name="content" value="好好学习，天天向上"/>-->
    <!--    </bean>-->
    <context:component-scan base-package="com.lanqiao" />
    <!-- 员工信息 -->
    <bean id="emp1" class="com.lanqiao.pojo.Employees"
          c:employeeId="000001" c:employeeName="张三" c:employeeSex="男"
          c:employeeBirthday="1993-11-06" c:employeeHiredate="2018-10-11" c:userId="1"/>

    <bean id="emp2" class="com.lanqiao.pojo.Employees"
          c:employeeId="000021" c:employeeName="李四" c:employeeSex="哈哈"
          c:employeeBirthday="1990-07-16" c:employeeHiredate="2019-10-21" c:userId="4"/>

    <bean id="emp3" class="com.lanqiao.pojo.Employees"
          c:employeeId="000022" c:employeeName="王五" c:employeeSex="女"
          c:employeeBirthday="1993-02-11" c:employeeHiredate="2019-12-27" c:userId="12"/>

    <bean id="emp4" class="com.lanqiao.pojo.Employees"
          c:employeeId="000035" c:employeeName="赵六" c:employeeSex="男"
          c:employeeBirthday="1991-06-23" c:employeeHiredate="2020-05-06" c:userId="19"/>

    <bean id="emp5" class="com.lanqiao.pojo.Employees"
          c:employeeId="000066" c:employeeName="周七" c:employeeSex="sss"
          c:employeeBirthday="1997-12-21" c:employeeHiredate="2021-01-03" c:userId="20"/>


</beans>