<?xml version="1.0" encoding="UTF-8"?>
<beans xmlns="http://www.springframework.org/schema/beans"
       xmlns:xsi="http://www.w3.org/2001/XMLSchema-instance"
       xmlns:task="http://www.springframework.org/schema/task"
       xsi:schemaLocation="http://www.springframework.org/schema/beans
            http://www.springframework.org/schema/beans/spring-beans.xsd
            http://www.springframework.org/schema/task
            http://www.springframework.org/schema/task/spring-task.xsd">

    <!-- 配置自定义任务类 RemindJob -->
    <bean id="remindJob" class="org.lanqiao.RemindJob" />

    <!-- 配置 JobDetail 工厂，在 MethodInvokingJobDetailFactoryBean 中通过属性将任务类和任务方法进行指定，并设置为并发执行任务 -->
    <bean id="remindJobDetailFactory"
          class="org.springframework.scheduling.quartz.MethodInvokingJobDetailFactoryBean">
        <property name="targetObject" ref="remindJob" />
        <property name="targetMethod" value="remind" />
        <property name="concurrent" value="true" />
    </bean>

    <!-- 配置 SimpleTrigger 工厂，在 SimpleTriggerFactoryBean 中通过属性将 JobDetail 实例注入，并设置触发时间规则，间隔每 2 秒一共执行 10 次 -->
    <bean id="remindTriggerFactory" class="org.springframework.scheduling.quartz.SimpleTriggerFactoryBean">
        <property name="jobDetail" ref="remindJobDetailFactory" />
        <property name="startDelay" value="0" />
        <property name="repeatInterval" value="2000" />
        <property name="repeatCount" value="9" />
    </bean>

    <!-- 配置 Scheduler 工厂，在 SchedulerFactoryBean 中通过属性将 SimpleTrigger 实例注入 -->
    <bean id="schedulerFactory" class="org.springframework.scheduling.quartz.SchedulerFactoryBean">
        <property name="triggers">
            <list>
                <ref bean="remindTriggerFactory" />
            </list>
        </property>
    </bean>

</beans>